{"DouDisGlueNow":[0.29999999999999993,0.29999999999999993],"PurgeIDX":[38,246]}