{"DouCalibrationStepLengths":[2.0,2.0],"IntCalibrationSpeed":30,"IntCalibrationDispenserSpeeds":[30,30],"IntCalibrationDispenserZCounts":[3,3],"IntCalibrationDispenserCounts":[9,9],"DouCalibrationZOutGlueTimes":[500.0,600.0],"DouOffsetZ":[-0.42966666666667308,-0.00999999999999801],"DouBaseZ":[-32.108000000000004,-45.715],"DouZNow":[-31.678333333333331,-45.705000000000005],"StrStation1_1":["1_1","B01","B00","B02"],"StrStation1_2":["1_2","B11","B10","B12"],"StrStation1_3":["1_3","B21","B20","B22"],"StrStation2_1":["2_1","B31","B30","B32"],"StrStation2_2":["2_2","B41","B40","B42"],"StrStation2_3":["2_3","B51","B50","B52"],"StrStation3_1":["3_1","B61","B60","B62"],"StrStation3_2":["3_2","B71","B70","B72"],"StrStation3_3":["3_3","B81","B80","B82"],"StrStation4_1":["4_1","B91","B90","B92"],"StrStation4_2":["4_2","B101","B100","B102"],"StrStation4_3":["4_3","B111","B110","B112"],"StrStation1_4":["1_4","B121","B120","B122"],"StrStation1_5":["1_5","B131","B130","B132"],"StrStation2_4":["2_4","B141","B140","B142"],"StrStation2_5":["2_5","B151","B150","B152"],"StrStation3_4":["3_4","B161","B160","B162"],"StrStation3_5":["3_5","B171","B170","B172"],"StrStation4_4":["4_4","B181","B180","B182"],"StrStation4_5":["4_5","B191","B190","B192"]}